"omission_code","severity","description","run_id","case_id","model_slot","condition"
"U08",2,"Evaluation unit with failed controls is missing.","A1_ERBB-P02_C2_R01","ERBB-P02","A1","C2"
"U08",2,"Evaluation unit with failed controls is missing.","A3_ERBB-P01_C1_R01","ERBB-P01","A3","C1"
"U08",2,"Evaluation unit with failed controls is missing.","A3_ERBB-P01_C2_R01","ERBB-P01","A3","C2"
"U08",2,"Evaluation unit with failed controls is missing.","A3_ERBB-P02_C1_R01","ERBB-P02","A3","C1"
"U08",2,"Evaluation unit with failed controls is missing.","A3_ERBB-P02_C2_R01","ERBB-P02","A3","C2"
"U08",2,"Evaluation unit with failed controls is missing.","A3_ERBB-P03_C1_R01","ERBB-P03","A3","C1"
"U08",2,"Evaluation unit with failed controls is missing.","A3_ERBB-P03_C2_R01","ERBB-P03","A3","C2"
"U08",2,"Evaluation unit with failed controls is missing.","G1_ERBB-P01_C1_R01","ERBB-P01","G1","C1"
"U08",2,"Evaluation unit with failed controls is missing.","G1_ERBB-P01_C2_R01","ERBB-P01","G1","C2"
"U08",2,"Evaluation unit with failed controls is missing.","G1_ERBB-P02_C1_R01","ERBB-P02","G1","C1"
"U08",2,"Evaluation unit with failed controls is missing.","G1_ERBB-P02_C2_R01","ERBB-P02","G1","C2"
"U08",2,"Evaluation unit with failed controls is missing.","G1_ERBB-P03_C1_R01","ERBB-P03","G1","C1"
"U08",2,"Evaluation unit with failed controls is missing.","G1_ERBB-P03_C2_R01","ERBB-P03","G1","C2"
"U08",2,"Evaluation unit with failed controls is missing.","G2_ERBB-P01_C1_R01","ERBB-P01","G2","C1"
"U08",2,"Evaluation unit with failed controls is missing.","G2_ERBB-P01_C2_R01","ERBB-P01","G2","C2"
"U08",2,"Evaluation unit with failed controls is missing.","G2_ERBB-P02_C1_R01","ERBB-P02","G2","C1"
"U08",2,"Evaluation unit with failed controls is missing.","G2_ERBB-P02_C2_R01","ERBB-P02","G2","C2"
"U08",2,"Evaluation unit with failed controls is missing.","G2_ERBB-P03_C1_R01","ERBB-P03","G2","C1"
"U08",2,"Evaluation unit with failed controls is missing.","G2_ERBB-P03_C2_R01","ERBB-P03","G2","C2"
"U08",2,"Evaluation unit with failed controls is missing.","G3_ERBB-P01_C1_R01","ERBB-P01","G3","C1"
"U08",2,"Evaluation unit with failed controls is missing.","G3_ERBB-P01_C2_R01","ERBB-P01","G3","C2"
"U08",2,"Evaluation unit with failed controls is missing.","G3_ERBB-P02_C1_R01","ERBB-P02","G3","C1"
"U08",2,"Evaluation unit with failed controls is missing.","G3_ERBB-P02_C2_R01","ERBB-P02","G3","C2"
"U08",2,"Evaluation unit with failed controls is missing.","G3_ERBB-P03_C1_R01","ERBB-P03","G3","C1"
"U08",2,"Evaluation unit with failed controls is missing.","G3_ERBB-P03_C2_R01","ERBB-P03","G3","C2"
"U08",2,"Evaluation unit with failed controls is missing.","M1_ERBB-P01_C1_R01","ERBB-P01","M1","C1"
"U08",2,"Evaluation unit with failed controls is missing.","M1_ERBB-P01_C2_R01","ERBB-P01","M1","C2"
"U08",2,"Evaluation unit with failed controls is missing.","M1_ERBB-P02_C1_R01","ERBB-P02","M1","C1"
"U08",2,"Evaluation unit with failed controls is missing.","M1_ERBB-P02_C2_R01","ERBB-P02","M1","C2"
"U08",2,"Evaluation unit with failed controls is missing.","M1_ERBB-P03_C1_R01","ERBB-P03","M1","C1"
"U08",2,"Evaluation unit with failed controls is missing.","M1_ERBB-P03_C2_R01","ERBB-P03","M1","C2"
"U08",2,"Evaluation unit with failed controls is missing.","M2_ERBB-P01_C1_R01","ERBB-P01","M2","C1"
"U08",2,"Evaluation unit with failed controls is missing.","M2_ERBB-P01_C2_R01","ERBB-P01","M2","C2"
"U08",2,"Evaluation unit with failed controls is missing.","M2_ERBB-P02_C1_R01","ERBB-P02","M2","C1"
"U08",2,"Evaluation unit with failed controls is missing.","M2_ERBB-P02_C2_R01","ERBB-P02","M2","C2"
"U08",2,"Evaluation unit with failed controls is missing.","M2_ERBB-P03_C1_R01","ERBB-P03","M2","C1"
"U08",2,"Evaluation unit with failed controls is missing.","M2_ERBB-P03_C2_R01","ERBB-P03","M2","C2"
"U08",2,"Evaluation unit with failed controls is missing.","M3_ERBB-P01_C1_R01","ERBB-P01","M3","C1"
"U08",2,"Evaluation unit with failed controls is missing.","M3_ERBB-P01_C2_R01","ERBB-P01","M3","C2"
"U08",2,"Evaluation unit with failed controls is missing.","M3_ERBB-P02_C1_R01","ERBB-P02","M3","C1"
"U08",2,"Evaluation unit with failed controls is missing.","M3_ERBB-P02_C2_R01","ERBB-P02","M3","C2"
"U08",2,"Evaluation unit with failed controls is missing.","M3_ERBB-P03_C1_R01","ERBB-P03","M3","C1"
"U08",2,"Evaluation unit with failed controls is missing.","M3_ERBB-P03_C2_R01","ERBB-P03","M3","C2"
"U08",2,"Evaluation unit with failed controls is missing.","O1_ERBB-P01_C1_R01","ERBB-P01","O1","C1"
"U08",2,"Evaluation unit with failed controls is missing.","O1_ERBB-P01_C2_R01","ERBB-P01","O1","C2"
"U08",2,"Evaluation unit with failed controls is missing.","O1_ERBB-P02_C1_R01","ERBB-P02","O1","C1"
"U08",2,"Evaluation unit with failed controls is missing.","O1_ERBB-P02_C2_R01","ERBB-P02","O1","C2"
"U08",2,"Evaluation unit with failed controls is missing.","O1_ERBB-P03_C1_R01","ERBB-P03","O1","C1"
"U08",2,"Evaluation unit with failed controls is missing.","O1_ERBB-P03_C2_R01","ERBB-P03","O1","C2"
"U08",2,"Evaluation unit with failed controls is missing.","O2_ERBB-P01_C1_R01","ERBB-P01","O2","C1"
"U08",2,"Evaluation unit with failed controls is missing.","O2_ERBB-P01_C2_R01","ERBB-P01","O2","C2"
"U08",2,"Evaluation unit with failed controls is missing.","O2_ERBB-P02_C1_R01","ERBB-P02","O2","C1"
"U08",2,"Evaluation unit with failed controls is missing.","O2_ERBB-P02_C2_R01","ERBB-P02","O2","C2"
"U08",2,"Evaluation unit with failed controls is missing.","O2_ERBB-P03_C1_R01","ERBB-P03","O2","C1"
"U08",2,"Evaluation unit with failed controls is missing.","O2_ERBB-P03_C2_R01","ERBB-P03","O2","C2"
"U08",2,"Evaluation unit with failed controls is missing.","O3_ERBB-P01_C1_R01","ERBB-P01","O3","C1"
"U08",2,"Evaluation unit with failed controls is missing.","O3_ERBB-P01_C2_R01","ERBB-P01","O3","C2"
"U08",2,"Evaluation unit with failed controls is missing.","O3_ERBB-P02_C1_R01","ERBB-P02","O3","C1"
"U08",2,"Evaluation unit with failed controls is missing.","O3_ERBB-P02_C2_R01","ERBB-P02","O3","C2"
"U08",2,"Evaluation unit with failed controls is missing.","O3_ERBB-P03_C1_R01","ERBB-P03","O3","C1"
"U08",2,"Evaluation unit with failed controls is missing.","O3_ERBB-P03_C2_R01","ERBB-P03","O3","C2"
