basebio_index,basebio_page,page_position,basebio_name,source_url,source_checked,legal_agent_ids,legal_link_count,technical_layer_status
1,1,1,Acanthamoeba castellani,https://www.insst.es/agentes-biologicos-basebio,2026-08-25,BIO-PAR-0001,1,public_BASEBiO_index_entry
2,1,2,Acanthamoeba spp.,https://www.insst.es/agentes-biologicos-basebio,2026-08-25,,0,public_BASEBiO_index_entry
3,1,3,Adenovirus (excepto serotipos 40 y 41),https://www.insst.es/agentes-biologicos-basebio,2026-08-25,,0,public_BASEBiO_index_entry
4,1,4,Adenovirus entéricos (serotipos 40 y 41),https://www.insst.es/agentes-biologicos-basebio,2026-08-25,,0,public_BASEBiO_index_entry
5,1,5,Alternaria spp.,https://www.insst.es/agentes-biologicos-basebio,2026-08-25,,0,public_BASEBiO_index_entry
6,1,6,Ancylostoma duodenale,https://www.insst.es/agentes-biologicos-basebio,2026-08-25,BIO-PAR-0002,1,public_BASEBiO_index_entry
7,1,7,Ancylostoma spp.,https://www.insst.es/agentes-biologicos-basebio,2026-08-25,,0,public_BASEBiO_index_entry
8,1,8,Anisakis simplex,https://www.insst.es/agentes-biologicos-basebio,2026-08-25,BIO-PAR-0005,1,public_BASEBiO_index_entry
9,1,9,Ascaris lumbricoides,https://www.insst.es/agentes-biologicos-basebio,2026-08-25,BIO-PAR-0006,1,public_BASEBiO_index_entry
10,1,10,Aspergillus flavus,https://www.insst.es/agentes-biologicos-basebio,2026-08-25,BIO-FUNG-0001,1,public_BASEBiO_index_entry
11,1,11,Aspergillus fumigatus,https://www.insst.es/agentes-biologicos-basebio,2026-08-25,BIO-FUNG-0002,1,public_BASEBiO_index_entry
12,1,12,Aspergillus spp.,https://www.insst.es/agentes-biologicos-basebio,2026-08-25,BIO-FUNG-0003,1,public_BASEBiO_index_entry
13,1,13,Bacillus anthracis,https://www.insst.es/agentes-biologicos-basebio,2026-08-25,BIO-BACT-0010,1,public_BASEBiO_index_entry
14,1,14,Blastomyces dermatitidis (Ajellomyces dermatitidis),https://www.insst.es/agentes-biologicos-basebio,2026-08-25,BIO-FUNG-0004,1,public_BASEBiO_index_entry
15,1,15,Bordetella bronchiseptica,https://www.insst.es/agentes-biologicos-basebio,2026-08-25,BIO-BACT-0016,1,public_BASEBiO_index_entry
16,1,16,Bordetella parapertussis,https://www.insst.es/agentes-biologicos-basebio,2026-08-25,BIO-BACT-0017,1,public_BASEBiO_index_entry
17,1,17,Bordetella pertussis,https://www.insst.es/agentes-biologicos-basebio,2026-08-25,BIO-BACT-0018,1,public_BASEBiO_index_entry
18,1,18,Bordetella spp.,https://www.insst.es/agentes-biologicos-basebio,2026-08-25,BIO-BACT-0019,1,public_BASEBiO_index_entry
19,1,19,Borrelia burgdorferi,https://www.insst.es/agentes-biologicos-basebio,2026-08-25,BIO-BACT-0020,1,public_BASEBiO_index_entry
20,1,20,Borrelia duttonii,https://www.insst.es/agentes-biologicos-basebio,2026-08-25,BIO-BACT-0021,1,public_BASEBiO_index_entry
21,2,1,Borrelia recurrentis,https://www.insst.es/agentes-biologicos-basebio,2026-08-25,BIO-BACT-0022,1,public_BASEBiO_index_entry
22,2,2,Borrelia spp.,https://www.insst.es/agentes-biologicos-basebio,2026-08-25,BIO-BACT-0023,1,public_BASEBiO_index_entry
23,2,3,Brucella abortus,https://www.insst.es/agentes-biologicos-basebio,2026-08-25,BIO-BACT-0025,1,public_BASEBiO_index_entry
24,2,4,Brucella canis,https://www.insst.es/agentes-biologicos-basebio,2026-08-25,BIO-BACT-0026,1,public_BASEBiO_index_entry
25,2,5,Brucella melitensis,https://www.insst.es/agentes-biologicos-basebio,2026-08-25,BIO-BACT-0028,1,public_BASEBiO_index_entry
26,2,6,Brucella suis,https://www.insst.es/agentes-biologicos-basebio,2026-08-25,BIO-BACT-0029,1,public_BASEBiO_index_entry
27,2,7,Candida albicans,https://www.insst.es/agentes-biologicos-basebio,2026-08-25,BIO-FUNG-0006,1,public_BASEBiO_index_entry
28,2,8,Candida dubliniensis,https://www.insst.es/agentes-biologicos-basebio,2026-08-25,BIO-FUNG-0007,1,public_BASEBiO_index_entry
29,2,9,Candida glabrata,https://www.insst.es/agentes-biologicos-basebio,2026-08-25,BIO-FUNG-0008,1,public_BASEBiO_index_entry
30,2,10,Candida parapsilosis,https://www.insst.es/agentes-biologicos-basebio,2026-08-25,BIO-FUNG-0009,1,public_BASEBiO_index_entry
31,2,11,Candida tropicalis,https://www.insst.es/agentes-biologicos-basebio,2026-08-25,BIO-FUNG-0010,1,public_BASEBiO_index_entry
32,2,12,Chlamydia abortus,https://www.insst.es/agentes-biologicos-basebio,2026-08-25,,0,public_BASEBiO_index_entry
33,2,13,Chlamydia caviae,https://www.insst.es/agentes-biologicos-basebio,2026-08-25,,0,public_BASEBiO_index_entry
34,2,14,Chlamydia felis,https://www.insst.es/agentes-biologicos-basebio,2026-08-25,,0,public_BASEBiO_index_entry
35,2,15,Chlamydia pneumoniae,https://www.insst.es/agentes-biologicos-basebio,2026-08-25,,0,public_BASEBiO_index_entry
36,2,16,Chlamydia psittaci (Chlamydophila psittaci) (cepas aviares),https://www.insst.es/agentes-biologicos-basebio,2026-08-25,BIO-BACT-0044,1,public_BASEBiO_index_entry
37,2,17,Chlamydia trachomatis,https://www.insst.es/agentes-biologicos-basebio,2026-08-25,,0,public_BASEBiO_index_entry
38,2,18,"Cladophialophora bantiana (Xylohypha bantiana, Cladosporium bantianum, C. trichoides)",https://www.insst.es/agentes-biologicos-basebio,2026-08-25,BIO-FUNG-0011,1,public_BASEBiO_index_entry
39,2,19,Cladosporium spp.,https://www.insst.es/agentes-biologicos-basebio,2026-08-25,,0,public_BASEBiO_index_entry
40,2,20,Clostridium tetani,https://www.insst.es/agentes-biologicos-basebio,2026-08-25,BIO-BACT-0050,1,public_BASEBiO_index_entry
41,3,1,Coccidioides immitis,https://www.insst.es/agentes-biologicos-basebio,2026-08-25,BIO-FUNG-0014,1,public_BASEBiO_index_entry
42,3,2,Coccidioides posadasii,https://www.insst.es/agentes-biologicos-basebio,2026-08-25,BIO-FUNG-0015,1,public_BASEBiO_index_entry
43,3,3,Coronavirus del síndrome respiratorio agudo grave (SARS-CoV),https://www.insst.es/agentes-biologicos-basebio,2026-08-25,BIO-VIR-0063,1,public_BASEBiO_index_entry
44,3,4,Coronavirus del síndrome respiratorio agudo grave 2 (SARS-CoV-2),https://www.insst.es/agentes-biologicos-basebio,2026-08-25,BIO-VIR-0064,1,public_BASEBiO_index_entry
45,3,5,Coronavirus del síndrome respiratorio de Oriente Medio (MERS-CoV),https://www.insst.es/agentes-biologicos-basebio,2026-08-25,BIO-VIR-0065,1,public_BASEBiO_index_entry
46,3,6,Corynebacterium diphtheriae,https://www.insst.es/agentes-biologicos-basebio,2026-08-25,BIO-BACT-0052,1,public_BASEBiO_index_entry
47,3,7,Corynebacterium pseudotuberculosis,https://www.insst.es/agentes-biologicos-basebio,2026-08-25,BIO-BACT-0054,1,public_BASEBiO_index_entry
48,3,8,Corynebacterium spp.,https://www.insst.es/agentes-biologicos-basebio,2026-08-25,BIO-BACT-0056,1,public_BASEBiO_index_entry
49,3,9,Corynebacterium ulcerans,https://www.insst.es/agentes-biologicos-basebio,2026-08-25,BIO-BACT-0055,1,public_BASEBiO_index_entry
50,3,10,Coxiella burnetii,https://www.insst.es/agentes-biologicos-basebio,2026-08-25,BIO-BACT-0057,1,public_BASEBiO_index_entry
51,3,11,Cryptococcus gattii (Filobasidiella neoformans var. bacillispora),https://www.insst.es/agentes-biologicos-basebio,2026-08-25,BIO-FUNG-0016,1,public_BASEBiO_index_entry
52,3,12,Cryptococcus neoformans var. neoformans (Filobasidiella neoformans var. neoformans),https://www.insst.es/agentes-biologicos-basebio,2026-08-25,BIO-FUNG-0017,1,public_BASEBiO_index_entry
53,3,13,Cryptosporidium hominis,https://www.insst.es/agentes-biologicos-basebio,2026-08-25,BIO-PAR-0019,1,public_BASEBiO_index_entry
54,3,14,Cryptosporidium parvum,https://www.insst.es/agentes-biologicos-basebio,2026-08-25,BIO-PAR-0020,1,public_BASEBiO_index_entry
55,3,15,Cryptosporidium spp.,https://www.insst.es/agentes-biologicos-basebio,2026-08-25,,0,public_BASEBiO_index_entry
56,3,16,Cyclospora cayetanensis,https://www.insst.es/agentes-biologicos-basebio,2026-08-25,BIO-PAR-0021,1,public_BASEBiO_index_entry
57,3,17,Diphyllobothrium latum,https://www.insst.es/agentes-biologicos-basebio,2026-08-25,BIO-PAR-0024,1,public_BASEBiO_index_entry
58,3,18,Diphyllobothrium spp.,https://www.insst.es/agentes-biologicos-basebio,2026-08-25,,0,public_BASEBiO_index_entry
59,3,19,Echinococcus granulosus,https://www.insst.es/agentes-biologicos-basebio,2026-08-25,BIO-PAR-0026,1,public_BASEBiO_index_entry
60,3,20,Echinococcus multilocularis,https://www.insst.es/agentes-biologicos-basebio,2026-08-25,BIO-PAR-0027,1,public_BASEBiO_index_entry
61,4,1,Echinococcus oligarthrus,https://www.insst.es/agentes-biologicos-basebio,2026-08-25,BIO-PAR-0028,1,public_BASEBiO_index_entry
62,4,2,Echinococcus vogeli,https://www.insst.es/agentes-biologicos-basebio,2026-08-25,BIO-PAR-0029,1,public_BASEBiO_index_entry
63,4,3,Entamoeba histolytica,https://www.insst.es/agentes-biologicos-basebio,2026-08-25,BIO-PAR-0030,1,public_BASEBiO_index_entry
64,4,4,Epidermophyton floccosum,https://www.insst.es/agentes-biologicos-basebio,2026-08-25,BIO-FUNG-0020,1,public_BASEBiO_index_entry
65,4,5,Erysipelothrix rhusiopathiae,https://www.insst.es/agentes-biologicos-basebio,2026-08-25,BIO-BACT-0066,1,public_BASEBiO_index_entry
66,4,6,Fasciola gigantica,https://www.insst.es/agentes-biologicos-basebio,2026-08-25,BIO-PAR-0033,1,public_BASEBiO_index_entry
67,4,7,Fasciola hepatica,https://www.insst.es/agentes-biologicos-basebio,2026-08-25,BIO-PAR-0034,1,public_BASEBiO_index_entry
68,4,8,Flebovirus del valle del Rift,https://www.insst.es/agentes-biologicos-basebio,2026-08-25,BIO-VIR-0026,1,public_BASEBiO_index_entry
69,4,9,Fonsecaea pedrosoi,https://www.insst.es/agentes-biologicos-basebio,2026-08-25,BIO-FUNG-0022,1,public_BASEBiO_index_entry
70,4,10,Fonsecaea spp.,https://www.insst.es/agentes-biologicos-basebio,2026-08-25,,0,public_BASEBiO_index_entry
71,4,11,Francisella tularensis subsp. holarctica,https://www.insst.es/agentes-biologicos-basebio,2026-08-25,BIO-BACT-0071,1,public_BASEBiO_index_entry
72,4,12,Francisella tularensis subsp. novicida,https://www.insst.es/agentes-biologicos-basebio,2026-08-25,BIO-BACT-0073,1,public_BASEBiO_index_entry
73,4,13,Francisella tularensis subsp. tularensis,https://www.insst.es/agentes-biologicos-basebio,2026-08-25,BIO-BACT-0074,1,public_BASEBiO_index_entry
74,4,14,"Giardia lamblia (Giardia duodenalis, Giardia intestinalis)",https://www.insst.es/agentes-biologicos-basebio,2026-08-25,BIO-PAR-0036,1,public_BASEBiO_index_entry
75,4,15,Hepacivirus C (virus de la hepatitis C),https://www.insst.es/agentes-biologicos-basebio,2026-08-25,BIO-VIR-0124,1,public_BASEBiO_index_entry
76,4,16,"Hepatovirus A (virus de la hepatitis A, enterovirus humano de tipo 72)",https://www.insst.es/agentes-biologicos-basebio,2026-08-25,BIO-VIR-0076,1,public_BASEBiO_index_entry
77,4,17,"Herpesvirus del cercopiteco 1 alfa (Herpesvirus simiae, herpesvirus B)",https://www.insst.es/agentes-biologicos-basebio,2026-08-25,BIO-VIR-0036,1,public_BASEBiO_index_entry
78,4,18,"Herpesvirus humano 1 alfa (herpesvirus humano 1, virus del herpes simple de tipo 1)",https://www.insst.es/agentes-biologicos-basebio,2026-08-25,BIO-VIR-0037,1,public_BASEBiO_index_entry
79,4,19,"Herpesvirus humano 2 alfa (herpesvirus humano 2, virus del herpes simple de tipo 2)",https://www.insst.es/agentes-biologicos-basebio,2026-08-25,BIO-VIR-0038,1,public_BASEBiO_index_entry
80,4,20,Herpesvirus humano 3 alfa (herpesvirus varicela-zóster),https://www.insst.es/agentes-biologicos-basebio,2026-08-25,BIO-VIR-0039,1,public_BASEBiO_index_entry
81,5,1,Herpesvirus humano 4 gamma (virus de Epstein-Barr),https://www.insst.es/agentes-biologicos-basebio,2026-08-25,BIO-VIR-0031,1,public_BASEBiO_index_entry
82,5,2,Herpesvirus humano 5 beta (citomegalovirus),https://www.insst.es/agentes-biologicos-basebio,2026-08-25,BIO-VIR-0030,1,public_BASEBiO_index_entry
83,5,3,Herpesvirus humano 6A beta (virus linfotrópico humano de célula B),https://www.insst.es/agentes-biologicos-basebio,2026-08-25,BIO-VIR-0033,1,public_BASEBiO_index_entry
84,5,4,Herpesvirus humano 6B beta,https://www.insst.es/agentes-biologicos-basebio,2026-08-25,BIO-VIR-0034,1,public_BASEBiO_index_entry
85,5,5,Herpesvirus humano 7 beta,https://www.insst.es/agentes-biologicos-basebio,2026-08-25,BIO-VIR-0035,1,public_BASEBiO_index_entry
86,5,6,Herpesvirus humano 8 gamma,https://www.insst.es/agentes-biologicos-basebio,2026-08-25,BIO-VIR-0032,1,public_BASEBiO_index_entry
87,5,7,Histoplasma capsulatum,https://www.insst.es/agentes-biologicos-basebio,2026-08-25,BIO-FUNG-0023,1,public_BASEBiO_index_entry
88,5,8,Histoplasma duboisii,https://www.insst.es/agentes-biologicos-basebio,2026-08-25,BIO-FUNG-0025,1,public_BASEBiO_index_entry
89,5,9,Legionella pneumophila,https://www.insst.es/agentes-biologicos-basebio,2026-08-25,,0,public_BASEBiO_index_entry
90,5,10,Leishmania aethiopica,https://www.insst.es/agentes-biologicos-basebio,2026-08-25,BIO-PAR-0040,1,public_BASEBiO_index_entry
91,5,11,Leishmania brasiliensis,https://www.insst.es/agentes-biologicos-basebio,2026-08-25,BIO-PAR-0041,1,public_BASEBiO_index_entry
92,5,12,Leishmania donovani,https://www.insst.es/agentes-biologicos-basebio,2026-08-25,BIO-PAR-0042,1,public_BASEBiO_index_entry
93,5,13,Leishmania guyanensis,https://www.insst.es/agentes-biologicos-basebio,2026-08-25,,0,public_BASEBiO_index_entry
94,5,14,Leishmania infantum,https://www.insst.es/agentes-biologicos-basebio,2026-08-25,,0,public_BASEBiO_index_entry
95,5,15,Leishmania major,https://www.insst.es/agentes-biologicos-basebio,2026-08-25,BIO-PAR-0045,1,public_BASEBiO_index_entry
96,5,16,Leishmania mexicana,https://www.insst.es/agentes-biologicos-basebio,2026-08-25,BIO-PAR-0046,1,public_BASEBiO_index_entry
97,5,17,Leishmania panamensis,https://www.insst.es/agentes-biologicos-basebio,2026-08-25,,0,public_BASEBiO_index_entry
98,5,18,Leishmania peruviana,https://www.insst.es/agentes-biologicos-basebio,2026-08-25,BIO-PAR-0048,1,public_BASEBiO_index_entry
99,5,19,Leishmania spp.,https://www.insst.es/agentes-biologicos-basebio,2026-08-25,BIO-PAR-0050,1,public_BASEBiO_index_entry
100,5,20,Leishmania tropica,https://www.insst.es/agentes-biologicos-basebio,2026-08-25,BIO-PAR-0049,1,public_BASEBiO_index_entry
101,6,1,Leptospira interrogans,https://www.insst.es/agentes-biologicos-basebio,2026-08-25,,0,public_BASEBiO_index_entry
102,6,2,Lisavirus de la rabia,https://www.insst.es/agentes-biologicos-basebio,2026-08-25,BIO-VIR-0058,1,public_BASEBiO_index_entry
103,6,3,Listeria monocytogenes,https://www.insst.es/agentes-biologicos-basebio,2026-08-25,BIO-BACT-0094,1,public_BASEBiO_index_entry
104,6,4,Madurella grisea,https://www.insst.es/agentes-biologicos-basebio,2026-08-25,BIO-FUNG-0026,1,public_BASEBiO_index_entry
105,6,5,Madurella mycetomatis,https://www.insst.es/agentes-biologicos-basebio,2026-08-25,BIO-FUNG-0027,1,public_BASEBiO_index_entry
106,6,6,Mamarenavirus de Guanarito,https://www.insst.es/agentes-biologicos-basebio,2026-08-25,BIO-VIR-0086,1,public_BASEBiO_index_entry
107,6,7,Mamarenavirus de Junín,https://www.insst.es/agentes-biologicos-basebio,2026-08-25,BIO-VIR-0087,1,public_BASEBiO_index_entry
108,6,8,Mamarenavirus de la coriomeningitis linfocítica (cepas neurotrópicas),https://www.insst.es/agentes-biologicos-basebio,2026-08-25,BIO-VIR-0090,1,public_BASEBiO_index_entry
109,6,9,Mamarenavirus de Lassa,https://www.insst.es/agentes-biologicos-basebio,2026-08-25,BIO-VIR-0088,1,public_BASEBiO_index_entry
110,6,10,Mamarenavirus de Lujo,https://www.insst.es/agentes-biologicos-basebio,2026-08-25,BIO-VIR-0089,1,public_BASEBiO_index_entry
111,6,11,Mamarenavirus del Machupo,https://www.insst.es/agentes-biologicos-basebio,2026-08-25,BIO-VIR-0092,1,public_BASEBiO_index_entry
112,6,12,Microsporum spp.,https://www.insst.es/agentes-biologicos-basebio,2026-08-25,BIO-FUNG-0028,1,public_BASEBiO_index_entry
113,6,13,Morbilivirus del sarampión,https://www.insst.es/agentes-biologicos-basebio,2026-08-25,BIO-VIR-0045,1,public_BASEBiO_index_entry
114,6,14,Mycobacterium bovis (excepto cepa BCG),https://www.insst.es/agentes-biologicos-basebio,2026-08-25,,0,public_BASEBiO_index_entry
115,6,15,Mycobacterium tuberculosis,https://www.insst.es/agentes-biologicos-basebio,2026-08-25,BIO-BACT-0119,1,public_BASEBiO_index_entry
116,6,16,Naegleria fowleri,https://www.insst.es/agentes-biologicos-basebio,2026-08-25,BIO-PAR-0056,1,public_BASEBiO_index_entry
117,6,17,Nairovirus de la fiebre hemorrágica de Crimea-Congo,https://www.insst.es/agentes-biologicos-basebio,2026-08-25,BIO-VIR-0015,1,public_BASEBiO_index_entry
118,6,18,Necator americanus,https://www.insst.es/agentes-biologicos-basebio,2026-08-25,BIO-PAR-0057,1,public_BASEBiO_index_entry
119,6,19,Neotestudina rosatii,https://www.insst.es/agentes-biologicos-basebio,2026-08-25,BIO-FUNG-0030,1,public_BASEBiO_index_entry
120,6,20,Otros Coronaviridae de patogenicidad conocida,https://www.insst.es/agentes-biologicos-basebio,2026-08-25,BIO-VIR-0066,1,public_BASEBiO_index_entry
121,7,1,Paracoccidioides brasiliensis,https://www.insst.es/agentes-biologicos-basebio,2026-08-25,BIO-FUNG-0031,1,public_BASEBiO_index_entry
122,7,2,Pasteurella multocida subsp. gallicida,https://www.insst.es/agentes-biologicos-basebio,2026-08-25,,0,public_BASEBiO_index_entry
123,7,3,Pasteurella multocida,https://www.insst.es/agentes-biologicos-basebio,2026-08-25,,0,public_BASEBiO_index_entry
124,7,4,Pasteurella septica,https://www.insst.es/agentes-biologicos-basebio,2026-08-25,,0,public_BASEBiO_index_entry
125,7,5,Pasteurella spp.,https://www.insst.es/agentes-biologicos-basebio,2026-08-25,BIO-BACT-0138,1,public_BASEBiO_index_entry
126,7,6,Penicillium spp.,https://www.insst.es/agentes-biologicos-basebio,2026-08-25,,0,public_BASEBiO_index_entry
127,7,7,Plasmodium falciparum,https://www.insst.es/agentes-biologicos-basebio,2026-08-25,BIO-PAR-0063,1,public_BASEBiO_index_entry
128,7,8,Plasmodium knowlesi,https://www.insst.es/agentes-biologicos-basebio,2026-08-25,BIO-PAR-0064,1,public_BASEBiO_index_entry
129,7,9,Plasmodium spp.,https://www.insst.es/agentes-biologicos-basebio,2026-08-25,,0,public_BASEBiO_index_entry
130,7,10,Pseudomonas aeruginosa,https://www.insst.es/agentes-biologicos-basebio,2026-08-25,BIO-BACT-0149,1,public_BASEBiO_index_entry
131,7,11,Rubulavirus de la parotiditis,https://www.insst.es/agentes-biologicos-basebio,2026-08-25,BIO-VIR-0048,1,public_BASEBiO_index_entry
132,7,12,Sarcoptes scabiei,https://www.insst.es/agentes-biologicos-basebio,2026-08-25,,0,public_BASEBiO_index_entry
133,7,13,Scedosporium apiospermum,https://www.insst.es/agentes-biologicos-basebio,2026-08-25,BIO-FUNG-0035,1,public_BASEBiO_index_entry
134,7,14,Scedosporium prolificans (inflatum),https://www.insst.es/agentes-biologicos-basebio,2026-08-25,BIO-FUNG-0036,1,public_BASEBiO_index_entry
135,7,15,Schistosoma haematobium,https://www.insst.es/agentes-biologicos-basebio,2026-08-25,BIO-PAR-0067,1,public_BASEBiO_index_entry
136,7,16,Schistosoma intercalatum,https://www.insst.es/agentes-biologicos-basebio,2026-08-25,BIO-PAR-0068,1,public_BASEBiO_index_entry
137,7,17,Schistosoma japonicum,https://www.insst.es/agentes-biologicos-basebio,2026-08-25,BIO-PAR-0069,1,public_BASEBiO_index_entry
138,7,18,Schistosoma mansoni,https://www.insst.es/agentes-biologicos-basebio,2026-08-25,BIO-PAR-0070,1,public_BASEBiO_index_entry
139,7,19,Schistosoma mekongi,https://www.insst.es/agentes-biologicos-basebio,2026-08-25,BIO-PAR-0071,1,public_BASEBiO_index_entry
140,7,20,Sporothrix schenckii,https://www.insst.es/agentes-biologicos-basebio,2026-08-25,BIO-FUNG-0037,1,public_BASEBiO_index_entry
141,8,1,Staphylococcus aureus,https://www.insst.es/agentes-biologicos-basebio,2026-08-25,BIO-BACT-0175,1,public_BASEBiO_index_entry
142,8,2,Streptococcus pneumoniae,https://www.insst.es/agentes-biologicos-basebio,2026-08-25,BIO-BACT-0179,1,public_BASEBiO_index_entry
143,8,3,Streptococcus pyogenes,https://www.insst.es/agentes-biologicos-basebio,2026-08-25,BIO-BACT-0180,1,public_BASEBiO_index_entry
144,8,4,Streptococcus spp.,https://www.insst.es/agentes-biologicos-basebio,2026-08-25,BIO-BACT-0182,1,public_BASEBiO_index_entry
145,8,5,Streptococcus suis,https://www.insst.es/agentes-biologicos-basebio,2026-08-25,BIO-BACT-0181,1,public_BASEBiO_index_entry
146,8,6,Taenia saginata,https://www.insst.es/agentes-biologicos-basebio,2026-08-25,BIO-PAR-0074,1,public_BASEBiO_index_entry
147,8,7,Taenia solium (adulto) Cysticercus cellulosae (larva),https://www.insst.es/agentes-biologicos-basebio,2026-08-25,BIO-PAR-0075,1,public_BASEBiO_index_entry
148,8,8,Talaromyces marneffei,https://www.insst.es/agentes-biologicos-basebio,2026-08-25,,0,public_BASEBiO_index_entry
149,8,9,Toxocara canis,https://www.insst.es/agentes-biologicos-basebio,2026-08-25,BIO-PAR-0076,1,public_BASEBiO_index_entry
150,8,10,Toxocara cati,https://www.insst.es/agentes-biologicos-basebio,2026-08-25,BIO-PAR-0077,1,public_BASEBiO_index_entry
151,8,11,Toxoplasma gondii,https://www.insst.es/agentes-biologicos-basebio,2026-08-25,BIO-PAR-0078,1,public_BASEBiO_index_entry
152,8,12,Trichinella nativa,https://www.insst.es/agentes-biologicos-basebio,2026-08-25,BIO-PAR-0079,1,public_BASEBiO_index_entry
153,8,13,Trichinella nelsoni,https://www.insst.es/agentes-biologicos-basebio,2026-08-25,BIO-PAR-0080,1,public_BASEBiO_index_entry
154,8,14,Trichinella pseudospiralis,https://www.insst.es/agentes-biologicos-basebio,2026-08-25,BIO-PAR-0081,1,public_BASEBiO_index_entry
155,8,15,Trichinella spiralis,https://www.insst.es/agentes-biologicos-basebio,2026-08-25,BIO-PAR-0082,1,public_BASEBiO_index_entry
156,8,16,Trichophyton rubrum,https://www.insst.es/agentes-biologicos-basebio,2026-08-25,BIO-FUNG-0039,1,public_BASEBiO_index_entry
157,8,17,Trichophyton spp.,https://www.insst.es/agentes-biologicos-basebio,2026-08-25,BIO-FUNG-0041,1,public_BASEBiO_index_entry
158,8,18,Trichophyton tonsurans,https://www.insst.es/agentes-biologicos-basebio,2026-08-25,BIO-FUNG-0040,1,public_BASEBiO_index_entry
159,8,19,Vibrio cholerae (incluido El Tor),https://www.insst.es/agentes-biologicos-basebio,2026-08-25,BIO-BACT-0190,1,public_BASEBiO_index_entry
160,8,20,Virus de la encefalitis japonesa,https://www.insst.es/agentes-biologicos-basebio,2026-08-25,BIO-VIR-0102,1,public_BASEBiO_index_entry
161,9,1,Virus de la fiebre amarilla,https://www.insst.es/agentes-biologicos-basebio,2026-08-25,BIO-VIR-0121,1,public_BASEBiO_index_entry
162,9,2,Virus de la gripe A,https://www.insst.es/agentes-biologicos-basebio,2026-08-25,BIO-VIR-0128,1,public_BASEBiO_index_entry
163,9,3,Virus de la gripe B,https://www.insst.es/agentes-biologicos-basebio,2026-08-25,BIO-VIR-0132,1,public_BASEBiO_index_entry
164,9,4,Virus de la gripe C,https://www.insst.es/agentes-biologicos-basebio,2026-08-25,BIO-VIR-0125,1,public_BASEBiO_index_entry
165,9,5,Virus de la hepatitis B,https://www.insst.es/agentes-biologicos-basebio,2026-08-25,BIO-VIR-0099,1,public_BASEBiO_index_entry
166,9,6,Virus de la inmunodeficiencia humana 1,https://www.insst.es/agentes-biologicos-basebio,2026-08-25,BIO-VIR-0154,1,public_BASEBiO_index_entry
167,9,7,Virus de la inmunodeficiencia humana 2,https://www.insst.es/agentes-biologicos-basebio,2026-08-25,BIO-VIR-0155,1,public_BASEBiO_index_entry
168,9,8,Virus de la paravacuna,https://www.insst.es/agentes-biologicos-basebio,2026-08-25,,0,public_BASEBiO_index_entry
169,9,9,Virus de la viruela de los simios,https://www.insst.es/agentes-biologicos-basebio,2026-08-25,BIO-VIR-0141,1,public_BASEBiO_index_entry
170,9,10,Virus de Marburgo,https://www.insst.es/agentes-biologicos-basebio,2026-08-25,BIO-VIR-0041,1,public_BASEBiO_index_entry
171,9,11,Virus de Zika,https://www.insst.es/agentes-biologicos-basebio,2026-08-25,BIO-VIR-0122,1,public_BASEBiO_index_entry
172,9,12,Virus del chikungunya,https://www.insst.es/agentes-biologicos-basebio,2026-08-25,BIO-VIR-0160,1,public_BASEBiO_index_entry
173,9,13,Virus del dengue,https://www.insst.es/agentes-biologicos-basebio,2026-08-25,BIO-VIR-0101,1,public_BASEBiO_index_entry
174,9,14,Virus del Nilo Occidental,https://www.insst.es/agentes-biologicos-basebio,2026-08-25,BIO-VIR-0120,1,public_BASEBiO_index_entry
175,9,15,Virus Ebola,https://www.insst.es/agentes-biologicos-basebio,2026-08-25,BIO-VIR-0040,1,public_BASEBiO_index_entry
